signal_supercategory	signal_family	signal_trivial_name	signal_systematic_name	peptide_sequence	smiles	ncbi_tax_id	taxon_name	gene_name	gene_id	db_gene_id	gene_coordinates	prot_id	db_prot_id	function	response_bioprocess	pubmed_id	signal_id	signal_info
autoinducer peptide	lantibiotic	nisin				1360	Lactobacillus lactis	nisA	HM219853.1	Nucleotide	828:1001:1	ADJ56352.1	Protein	synthase	production of nisin	15374645	1	
autoinducer peptide	lantibiotic	nisin				1360	Lactobacillus lactis	nisB	HM219853.1	Nucleotide	1109:4090:1	ADJ56353.1	Protein	modifier_transporter	production of nisin	15374645	1	
autoinducer peptide	lantibiotic	nisin				1360	Lactobacillus lactis	nisC	HM219853.1	Nucleotide	5896:7140:1	ADJ56355.1	Protein	modifier_transporter	production of nisin	15374645	1	
autoinducer peptide	lantibiotic	nisin				1360	Lactobacillus lactis	nisK	HM219853.1	Nucleotide	10672:12015:1	ADJ56359.1	Protein	receptor	production of nisin	15374645	1	
autoinducer peptide	lantibiotic	nisin				1360	Lactobacillus lactis	nisR	HM219853.1	Nucleotide	9993:10679:1	ADJ56358.1	Protein	response_regulator	production of nisin	15374645	1	
autoinducer peptide	RNPP (Rap-Npr-PlcR-PrgX genes)			SKPDIVG		1409	Bacillus sp.	nprX	KY412438.1	Nucleotide		AVD29696.1	Protein	synthase		20502894	2	
autoinducer peptide	RNPP (Rap-Npr-PlcR-PrgX genes)			SKPDIVG		1409	Bacillus sp.	nprR	KY412437.1	Nucleotide		AVD29695.1	Protein	receptor		20502894	2	
autoinducer peptide	Myxobacterium A Signal	A Signal				34	Myxococcus xanthus	asgA	U20214.1	Nucleotide		AAB60170.1	Protein	synthase	sporulation|formation of fruiting body	11544353	3	A signal is a mixture of proteases, peptides and amino-acids
autoinducer peptide	Myxobacterium A Signal	A Signal				34	Myxococcus xanthus	sasS	AF029787.1	Nucleotide		AAB94883.1	Protein	receptor	sporulation|formation of fruiting body	11544353	3	A signal is a mixture of proteases, peptides and amino-acids
autoinducer peptide	Myxobacterium A Signal	A Signal				34	Myxococcus xanthus	sasR	AF273214.1	Nucleotide		AAG45333.1	Protein	response_regulator	sporulation|formation of fruiting body	11544353	3	A signal is a mixture of proteases, peptides and amino-acids
autoinducer peptide	RNPP (Rap-Npr-PlcR-PrgX genes)	CSF (Competence Stimulating Factor)				1423	Bacillus subtilis	phrC	AY664811.1	Nucleotide	1267:1389:1	AAT75295.1	Protein	synthase	competence|production of surfactin	20502894	4	
autoinducer peptide	RNPP (Rap-Npr-PlcR-PrgX genes)	CSF (Competence Stimulating Factor)				1423	Bacillus subtilis	spoOK						modifier_transporter	competence|production of surfactin	20502894	4	
autoinducer peptide	RNPP (Rap-Npr-PlcR-PrgX genes)	CSF (Competence Stimulating Factor)				1423	Bacillus subtilis	rapC	AY664811.1	Nucleotide	135:283:1	AAT75294.1	Protein	receptor	competence|production of surfactin	20502894	4	
autoinducer peptide	RNPP (Rap-Npr-PlcR-PrgX genes)	CSF (Competence Stimulating Factor)				1423	Bacillus subtilis	comA	KT750872.1	Nucleotide		AML23201.1	Protein	response_regulator	competence|production of surfactin	20502894	4	
autoinducer peptide	RNPP (Rap-Npr-PlcR-PrgX genes)	cCF10		LVTLVFV		1351	Enteroccocus faecalis	ccfA	AE016830.1	Nucleotide	3216046:3216873:2	AAO82996.1	Protein	synthase		20502894	5	
autoinducer peptide	RNPP (Rap-Npr-PlcR-PrgX genes)	cCF10		LVTLVFV		1351	Enteroccocus faecalis	prgX	AY855841.2	Nucleotide	7030:7983:2	AAA65845.1	Protein	receptor		20502894	5	
autoinducer peptide	viral autoinducer peptide	arbitrium		SAIRGA		10736	Bacillus phage phi3T	aimP	KY030782.1	Nucleotide	70050:70181:1	APD21233.1	Protein	synthase	lysogeny	28099413	6	
autoinducer peptide	viral autoinducer peptide	arbitrium		SAIRGA		10736	Bacillus phage phi3T	aimR	KY030782.1	Nucleotide	68883:70019:1	APD21232.1	Protein	receptor	lysogeny	28099413	6	
autoinducer peptide	viral autoinducer peptide	arbitrium		SAIRGA		10736	Bacillus phage phi3T	aimX	KY030782.1	Nucleotide	70314:70469:1	APD21234.1	Protein	response_regulator	lysogeny	28099413	6	
autoinducer peptide	RNPP (Rap-Npr-PlcR-PrgX genes)	iCF10		AITLIFI		1351	Enteroccocus faecalis	prgQ	AY855841.2	Nucleotide	8192:8263:1	AAA65846.1	Protein	synthase	competence inhibition	20502894	7	
autoinducer peptide	RNPP (Rap-Npr-PlcR-PrgX genes)	iCF10		AITLIFI		1351	Enteroccocus faecalis	prgX	AY855841.2	Nucleotide	7030:7983:2	AAA65845.1	Protein	receptor	competence inhibition	20502894	7	
autoinducer peptide	RNPP (Rap-Npr-PlcR-PrgX genes)			LPFEP		1428	Bacillus thuringiensis	papR	NC_005957.1	Nucleotide	5086879:5087025:1	YP_039342.1	Protein	synthase	food supply|cell protection|signals integration	20502894	8	
autoinducer peptide	RNPP (Rap-Npr-PlcR-PrgX genes)			LPFEP		1428	Bacillus thuringiensis	plcR	AY224733.1	Nucleotide	1:400:2	AAP92471.1	Protein	receptor	food supply|cell protection|signals integration	20502894	8	
autoinducer peptide	lantibiotic	subtilin				1423	Bacillus subtilis	spaS	U09819.1	Nucleotide	6795:6965:1	AAB91589.1	Protein	synthase	production of subtilin	15374645	9	
autoinducer peptide	lantibiotic	subtilin				1423	Bacillus subtilis	spaB	U09819.1	Nucleotide	495:3587:1	AAB91586.1	Protein	modifier_transporter	production of subtilin	15374645	9	
autoinducer peptide	lantibiotic	subtilin				1423	Bacillus subtilis	spaC	U09819.1	Nucleotide	5395:6720:1	AAB91588.1	Protein	modifier_transporter	production of subtilin	15374645	9	
autoinducer peptide	lantibiotic	subtilin				1423	Bacillus subtilis	spaK	U09819.1	Nucleotide	10970:12349:1	AAB91593.1	Protein	receptor	production of subtilin	15374645	9	
autoinducer peptide	lantibiotic	subtilin				1423	Bacillus subtilis	spaR	U09819.1	Nucleotide	10317:10979:1	AAB91594.1	Protein	response_regulator	production of subtilin	15374645	9	
autoinducer peptide	eukaryotic autoinducer peptide	QSP1 (Quorum Sensing-like Peptide 1)		NFGAPGGAYPW		5207	Cryptococcus neoformans	qsp1	XM_012192888.1	Nucleotide	233:370:1	XP_012048278.1	Protein	synthase	virulence	27212659	10	
autoinducer peptide	eukaryotic autoinducer peptide	QSP1 (Quorum Sensing-like Peptide 1)		NFGAPGGAYPW		5207	Cryptococcus neoformans	pqp1	XM_012190801.1	Nucleotide	309:3164:1	XP_012046191.1	Protein	modifier_transporter	virulence	27212659	10	
autoinducer peptide	eukaryotic autoinducer peptide	QSP1 (Quorum Sensing-like Peptide 1)		NFGAPGGAYPW		5207	Cryptococcus neoformans	opt1	XM_012192416.1	Nucleotide	787:3954:1	XP_012047806.1	Protein	modifier_transporter	virulence	27212659	10	
autoinducer peptide	eukaryotic autoinducer peptide	QSP1 (Quorum Sensing-like Peptide 1)		NFGAPGGAYPW		5207	Cryptococcus neoformans	liv3	XM_012195178.1	Nucleotide	513:2216:1	XP_012050568.1	Protein	response_regulator	virulence	27212659	10	
signaling molecule	DPO (3,5-dimethylPyrazin-2-ol)	DPO	3,5-dimethylpyrazin-2-ol		Cc1cnc(O)c(C)n1	666	Vibrio cholerae	tdh	NC_002506.1	Nucleotide	837892:838923:2	NP_233271.1	Protein	synthase	biofilm inhibition|virulence inhibition	28319101	11	
signaling molecule	DPO (3,5-dimethylPyrazin-2-ol)	DPO	3,5-dimethylpyrazin-2-ol		Cc1cnc(O)c(C)n1	666	Vibrio cholerae	vqmA	NC_002506.1	Nucleotide	1031679:1032419:1	NP_233459.2	Protein	receptor	biofilm inhibition|virulence inhibition	28319101	11	
signaling molecule	DPO (3,5-dimethylPyrazin-2-ol)	DPO	3,5-dimethylpyrazin-2-ol		Cc1cnc(O)c(C)n1	666	Vibrio cholerae	vqmR	CP001236.1	Nucleotide	419685:419805:1			response_regulator	biofilm inhibition|virulence inhibition	28319101	11	
signaling molecule	DPO (3,5-dimethylPyrazin-2-ol)	DPO	3,5-dimethylpyrazin-2-ol		Cc1cnc(O)c(C)n1	261726	Vibrio virus VP882	vqmA_phage	NC_009016.1	Nucleotide	28328:29035:1	YP_001039867.1	Protein	receptor	lysis	https://doi.org/10.1016/j.cell.2018.10.059	11	
signaling molecule	DPO (3,5-dimethylPyrazin-2-ol)	DPO	3,5-dimethylpyrazin-2-ol		Cc1cnc(O)c(C)n1	261726	Vibrio virus VP882	qtip	NC_009016.1	Nucleotide	27980:28219:2	YP_001039866.1	Protein	response_regulator	lysis	https://doi.org/10.1016/j.cell.2018.10.059	11	
signaling molecule	HSL (Homoserine Lactone)	carbonyl HSL	N-(3-oxohexanoyl)-homoserine lactone		CCCC(=O)CC(=O)N[C@H]1CCOC1=O	668	Aliivibrio fischeri	luxI	M19039.1	Nucleotide	989:1570:1	AAA27552.1	Protein	synthase	bioluminescence	11544353	12	
signaling molecule	HSL (Homoserine Lactone)	carbonyl HSL	N-(3-oxohexanoyl)-homoserine lactone		CCCC(=O)CC(=O)N[C@H]1CCOC1=O	668	Aliivibrio fischeri	luxR	M19039.1	Nucleotide	18:770:2	AAA27551.1	Protein	receptor	bioluminescence	11544353	12	
signaling molecule	HSL (Homoserine Lactone)	carbonyl HSL	N-(3-oxohexanoyl)-homoserine lactone		CCCC(=O)CC(=O)N[C@H]1CCOC1=O	668	Aliivibrio fischeri	luxR	M19039.1	Nucleotide	18:770:2	AAA27551.1	Protein	response_regulator	bioluminescence	11544353	12	
signaling molecule	HAQ (4-hydroxy-2-alkylquinoline)	PQS (Pseudomonas Quinolone Signal)	2-heptyl-3-hydroxy-4-quinolone		CCCCCCCc1nc2ccccc2c(O)c1O	287	Pseudomonas aeruginosa	phnA	NC_002516.2	Nucleotide	1083972:1085564:1	NP_249692.1	Protein	synthase	virulence|production of pyocyanin	22390972	13	
signaling molecule	HAQ (4-hydroxy-2-alkylquinoline)	PQS (Pseudomonas Quinolone Signal)	2-heptyl-3-hydroxy-4-quinolone		CCCCCCCc1nc2ccccc2c(O)c1O	287	Pseudomonas aeruginosa	phnB	NC_002516.2	Nucleotide	1085542:1086144:1	NP_249693.1	Protein	synthase	virulence|production of pyocyanin	22390972	13	
signaling molecule	HAQ (4-hydroxy-2-alkylquinoline)	PQS (Pseudomonas Quinolone Signal)	2-heptyl-3-hydroxy-4-quinolone		CCCCCCCc1nc2ccccc2c(O)c1O	287	Pseudomonas aeruginosa	pqsA	NC_002516.2	Nucleotide	1078462:1080015:1	NP_249687.1	Protein	synthase	virulence|production of pyocyanin	22390972	13	
signaling molecule	HAQ (4-hydroxy-2-alkylquinoline)	PQS (Pseudomonas Quinolone Signal)	2-heptyl-3-hydroxy-4-quinolone		CCCCCCCc1nc2ccccc2c(O)c1O	287	Pseudomonas aeruginosa	pqsB	NC_002516.2	Nucleotide	1080009:1080860:1	NP_249688.1	Protein	synthase	virulence|production of pyocyanin	22390972	13	
signaling molecule	HAQ (4-hydroxy-2-alkylquinoline)	PQS (Pseudomonas Quinolone Signal)	2-heptyl-3-hydroxy-4-quinolone		CCCCCCCc1nc2ccccc2c(O)c1O	287	Pseudomonas aeruginosa	pqsC	NC_002516.2	Nucleotide	1080853:1081899:1	NP_249689.1	Protein	synthase	virulence|production of pyocyanin	22390972	13	
signaling molecule	HAQ (4-hydroxy-2-alkylquinoline)	PQS (Pseudomonas Quinolone Signal)	2-heptyl-3-hydroxy-4-quinolone		CCCCCCCc1nc2ccccc2c(O)c1O	287	Pseudomonas aeruginosa	pqsD	NC_002516.2	Nucleotide	1081942:1082955:1	NP_249690.1	Protein	synthase	virulence|production of pyocyanin	22390972	13	
signaling molecule	HAQ (4-hydroxy-2-alkylquinoline)	PQS (Pseudomonas Quinolone Signal)	2-heptyl-3-hydroxy-4-quinolone		CCCCCCCc1nc2ccccc2c(O)c1O	287	Pseudomonas aeruginosa	pqsH	NC_002516.2	Nucleotide	2926773:2927921:2	NP_251277.1	Protein	synthase	virulence|production of pyocyanin	22390972	13	
signaling molecule	HAQ (4-hydroxy-2-alkylquinoline)	PQS (Pseudomonas Quinolone Signal)	2-heptyl-3-hydroxy-4-quinolone		CCCCCCCc1nc2ccccc2c(O)c1O	287	Pseudomonas aeruginosa	pqsR	NC_002516.2	Nucleotide	1086097:1087095:2	NP_249694.1	Protein	receptor	virulence|production of pyocyanin	22390972	13	
signaling molecule	HAQ (4-hydroxy-2-alkylquinoline)	PQS (Pseudomonas Quinolone Signal)	2-heptyl-3-hydroxy-4-quinolone		CCCCCCCc1nc2ccccc2c(O)c1O	287	Pseudomonas aeruginosa	mvaT	NC_002516.2	Nucleotide	4843812:4844186:1	NP_253005.1	Protein	response_regulator	virulence|production of pyocyanin	22390972	13	
signaling molecule	HAQ (4-hydroxy-2-alkylquinoline)	PQS (Pseudomonas Quinolone Signal)	2-heptyl-3-hydroxy-4-quinolone		CCCCCCCc1nc2ccccc2c(O)c1O	287	Pseudomonas aeruginosa	mvaU	NC_002516.2	Nucleotide	3016246:3016599:1	NP_251357.1	Protein	response_regulator	virulence|production of pyocyanin	22390972	13	
signaling molecule	HAQ (4-hydroxy-2-alkylquinoline)	HHQ	2-heptyl-4-hydroxyquinoline		CCCCCCCc1cc(O)c2ccccc2n1	287	Pseudomonas aeruginosa	phnA	NC_002516.2	Nucleotide	1083972:1085564:1	NP_249692.1	Protein	synthase	virulence	22390972	14	
signaling molecule	HAQ (4-hydroxy-2-alkylquinoline)	HHQ	2-heptyl-4-hydroxyquinoline		CCCCCCCc1cc(O)c2ccccc2n1	287	Pseudomonas aeruginosa	phnB	NC_002516.2	Nucleotide	1085542:1086144:1	NP_249693.1	Protein	synthase	virulence	22390972	14	
signaling molecule	HAQ (4-hydroxy-2-alkylquinoline)	HHQ	2-heptyl-4-hydroxyquinoline		CCCCCCCc1cc(O)c2ccccc2n1	287	Pseudomonas aeruginosa	pqsA	NC_002516.2	Nucleotide	1078462:1080015:1	NP_249687.1	Protein	synthase	virulence	22390972	14	
signaling molecule	HAQ (4-hydroxy-2-alkylquinoline)	HHQ	2-heptyl-4-hydroxyquinoline		CCCCCCCc1cc(O)c2ccccc2n1	287	Pseudomonas aeruginosa	pqsB	NC_002516.2	Nucleotide	1080009:1080860:1	NP_249688.1	Protein	synthase	virulence	22390972	14	
signaling molecule	HAQ (4-hydroxy-2-alkylquinoline)	HHQ	2-heptyl-4-hydroxyquinoline		CCCCCCCc1cc(O)c2ccccc2n1	287	Pseudomonas aeruginosa	pqsC	NC_002516.2	Nucleotide	1080853:1081899:1	NP_249689.1	Protein	synthase	virulence	22390972	14	
signaling molecule	HAQ (4-hydroxy-2-alkylquinoline)	HHQ	2-heptyl-4-hydroxyquinoline		CCCCCCCc1cc(O)c2ccccc2n1	287	Pseudomonas aeruginosa	pqsD	NC_002516.2	Nucleotide	1081942:1082955:1	NP_249690.1	Protein	synthase	virulence	22390972	14	
signaling molecule	HAQ (4-hydroxy-2-alkylquinoline)	HHQ	2-heptyl-4-hydroxyquinoline		CCCCCCCc1cc(O)c2ccccc2n1	287	Pseudomonas aeruginosa	pqsR	NC_002516.2	Nucleotide	1087095:1086097:2	NP_249694.1	Protein	receptor	virulence	22390972	14	
signaling molecule	HAQ (4-hydroxy-2-alkylquinoline)	HHQ	2-heptyl-4-hydroxyquinoline		CCCCCCCc1cc(O)c2ccccc2n1	287	Pseudomonas aeruginosa	mvaT	NC_002516.2	Nucleotide	4843812:4844186:1	NP_253005.1	Protein	response_regulator	virulence	22390972	14	
signaling molecule	HAQ (4-hydroxy-2-alkylquinoline)	HHQ	2-heptyl-4-hydroxyquinoline		CCCCCCCc1cc(O)c2ccccc2n1	287	Pseudomonas aeruginosa	mvaU	NC_002516.2	Nucleotide	3016246:3016599:1	NP_251357.1	Protein	response_regulator	virulence	22390972	14	
signaling molecule	DAR/CHD (Dialkylresorcinol/Cyclohexanedione)	DAR/CHD	5-(2-phenylethyl)-2-(propan-2-yl)-cyclohexanedione		CC(C)C1C(=O)CC(CCC2=CC=CC=C2)CC1=O	171440	Photorhabdus asymbiotica	darA	KP258230.1	Nucleotide	1:945:1	AJW31144.1	Protein	synthase	virulence|cell clumbing	25550519	15	
signaling molecule	DAR/CHD (Dialkylresorcinol/Cyclohexanedione)	DAR/CHD	5-(2-phenylethyl)-2-(propan-2-yl)-cyclohexanedione		CC(C)C1C(=O)CC(CCC2=CC=CC=C2)CC1=O	171440	Photorhabdus asymbiotica	darB	KP258230.1	Nucleotide	950:2098:1	AJW31145.1	Protein	synthase	virulence|cell clumbing	25550519	15	
signaling molecule	DAR/CHD (Dialkylresorcinol/Cyclohexanedione)	DAR/CHD	5-(2-phenylethyl)-2-(propan-2-yl)-cyclohexanedione		CC(C)C1C(=O)CC(CCC2=CC=CC=C2)CC1=O	171440	Photorhabdus asymbiotica	darC	KP258230.1	Nucleotide	2174:2416:1	AJW31146.1	Protein	synthase	virulence|cell clumbing	25550519	15	
signaling molecule	DAR/CHD (Dialkylresorcinol/Cyclohexanedione)	DAR/CHD	5-(2-phenylethyl)-2-(propan-2-yl)-cyclohexanedione		CC(C)C1C(=O)CC(CCC2=CC=CC=C2)CC1=O	171440	Photorhabdus asymbiotica	pauR	KP258228.1	Nucleotide		AJW31137.1	Protein	receptor	virulence|cell clumbing	25550519	15	
signaling molecule	PPY (Photopyrone)	PPY	Photopyrone		CC(C)CCCCCCC1=C(O)C=C(CC(C)C)OC1=O	230089	Photorhabdus thracensis	ppyS	KF218577.1	Nucleotide		AGO97075.1	Protein	synthase	cell clumbing	23851573	16	
signaling molecule	PPY (Photopyrone)	PPY	Photopyrone		CC(C)CCCCCCC1=C(O)C=C(CC(C)C)OC1=O	230089	Photorhabdus thracensis	pluR	KF218575.1	Nucleotide		AGO97068.1	Protein	receptor	cell clumbing	23851573	16	
signaling molecule	IQS (2-(2-Hydroxyphenyl)-thiazole-4-carbaldehyde)	IQS	(2-(2-Hydroxyphenyl)-thiazole-4-carbaldehyde)		Oc1ccccc1c2scc(C=O)n2	287	Pseudomonas aeruginosa	ambB	CP020603.1	Nucleotide	3226978:3230727:1	ARG87130.1	Protein	synthase	virulence|production of antimetabolite butenoic acid	23542643	17	The structure shown is just one representative of the many PPYs that can be produced by ppyS – please read the reference article to see the full ranges of PPY structures
signaling molecule	IQS (2-(2-Hydroxyphenyl)-thiazole-4-carbaldehyde)	IQS	(2-(2-Hydroxyphenyl)-thiazole-4-carbaldehyde)		Oc1ccccc1c2scc(C=O)n2	287	Pseudomonas aeruginosa	ambC	CP020603.1	Nucleotide	3230756:3231844:1	ARG87131.1	Protein	synthase	virulence|production of antimetabolite butenoic acid	23542643	17	The structure shown is just one representative of the many PPYs that can be produced by ppyS – please read the reference article to see the full ranges of PPY structures
signaling molecule	IQS (2-(2-Hydroxyphenyl)-thiazole-4-carbaldehyde)	IQS	(2-(2-Hydroxyphenyl)-thiazole-4-carbaldehyde)		Oc1ccccc1c2scc(C=O)n2	287	Pseudomonas aeruginosa	ambD	CP020603.1	Nucleotide	3231841:3232860:1	ARG87132.1	Protein	synthase	virulence|production of antimetabolite butenoic acid	23542643	17	The structure shown is just one representative of the many PPYs that can be produced by ppyS – please read the reference article to see the full ranges of PPY structures
signaling molecule	IQS (2-(2-Hydroxyphenyl)-thiazole-4-carbaldehyde)	IQS	(2-(2-Hydroxyphenyl)-thiazole-4-carbaldehyde)		Oc1ccccc1c2scc(C=O)n2	287	Pseudomonas aeruginosa	ambE	CP020603.1	Nucleotide	3232880:3239257:1	ARG87133.1	Protein	synthase	virulence|production of antimetabolite butenoic acid	23542643	17	The structure shown is just one representative of the many PPYs that can be produced by ppyS – please read the reference article to see the full ranges of PPY structures
signaling molecule	DSF (Diffusible Signal Factor)	DSF	11-methyl-2-dodecenoic acid		CC(C)CCCCCCC\C=C/C(O)=O	339	Xanthomonas campestris	rpfF	NC_003902.1	Nucleotide	2163170:2162301:2	NP_637222.1	Protein	synthase	virulence	18049456	18	
signaling molecule	DSF (Diffusible Signal Factor)	DSF	11-methyl-2-dodecenoic acid		CC(C)CCCCCCC\C=C/C(O)=O	339	Xanthomonas campestris	rpfB	NC_003902.1	Nucleotide	'2163347:2165029;2	NP_637223.1	Protein	synthase	virulence	18049456	18	
signaling molecule	DSF (Diffusible Signal Factor)	DSF	11-methyl-2-dodecenoic acid		CC(C)CCCCCCC\C=C/C(O)=O	339	Xanthomonas campestris	rpfC	NC_003902.1	Nucleotide	2160108:2162288:1	NP_637221.1	Protein	receptor	virulence	18049456	18	
signaling molecule	DSF (Diffusible Signal Factor)	DSF	11-methyl-2-dodecenoic acid		CC(C)CCCCCCC\C=C/C(O)=O	339	Xanthomonas campestris	rpfG	NC_003902.1	Nucleotide	2158339:2159475:1	NP_637219.1	Protein	response_regulator	virulence	18049456	18	
signaling molecule	HSL (Homoserine Lactone)	carboxylated HSL	N-carboxy-Tetradecanoyl-L-homoserine lactone		CCCCCCCCCCCCCC(=O)N(C1CCOC1=O)C(O)=O	301375	Methanosaeta harundinacea	filI	NC_017527.1	Nucleotide	463122:465782:2	WP_014586016.1	Protein	synthase	morphogenesis	22237544	19	
signaling molecule	HSL (Homoserine Lactone)	carboxylated HSL	N-carboxy-Tetradecanoyl-L-homoserine lactone		CCCCCCCCCCCCCC(=O)N(C1CCOC1=O)C(O)=O	301375	Methanosaeta harundinacea	filR1	NC_017527.1	Nucleotide	461774:463114:1	WP_014586015.1	Protein	receptor	morphogenesis	22237544	19	
signaling molecule	HSL (Homoserine Lactone)	carboxylated HSL	N-carboxy-Tetradecanoyl-L-homoserine lactone		CCCCCCCCCCCCCC(=O)N(C1CCOC1=O)C(O)=O	301375	Methanosaeta harundinacea	filR2	NC_017527.1	Nucleotide	465820:466200:2	WP_048144765.1	Protein	response_regulator	morphogenesis	22237544	19	
signaling molecule	CoA dependent HSL (Homoserine Lactone)	unsaturated HSL	(C6:0 ; C8:0 ; C10:0 ; C12:0 ; C14:0 ; C16:0 ; C18:0) HSL			391619	Phaeobacter inhibens DSM 17395	pgaI2	CP002976.1	Nucleotide	796802:797410:1	AFO90496.1	Protein	synthase		29977398	20	
signaling molecule	CoA dependent HSL (Homoserine Lactone)	unsaturated HSL	(7Z-C14:1 ; 9Z-C16:1 ; 9Z-C18:1 ; 11Z-C18:1 ; 2E,11Z-C18:2) HSL			391619	Phaeobacter inhibens DSM 17395	pgaI2	CP002976.1	Nucleotide	796802:797410:1	AFO90496.1	Protein	synthase		29977398	21	
signaling molecule	CoA dependent HSL (Homoserine Lactone)	hydroxy HSL	3-OH-C10:0 HSL			391619	Phaeobacter inhibens DSM 17395	pgaI2	CP002976.1	Nucleotide	796802:797410:1	AFO90496.1	Protein	synthase		29977398	22	
signaling molecule	CoA dependent HSL (Homoserine Lactone)	hydroxy HSL	R-3-OH-C10:0-HSL		O=C1OCCC1NC(=O)CC(O)CCCCCCC	391619	Phaeobacter inhibens DSM 17395	pgaI1	CP002976.1	Nucleotide	375509:376150:1	AFO90123.1	Protein	synthase		24273537	23	
signaling molecule	CoA dependent HSL (Homoserine Lactone)	hydroxy HSL	R-3-OH-C10:0-HSL		O=C1OCCC1NC(=O)CC(O)CCCCCCC	391619	Phaeobacter inhibens DSM 17395	pgaR	CP002976.1	Nucleotide	374695:375414:1	AFO90122.1	Protein	receptor		24273537	23	
signaling molecule	CoA dependent HSL (Homoserine Lactone)	hydroxy HSL	R-3-OH-C10:0-HSL		O=C1OCCC1NC(=O)CC(O)CCCCCCC	391619	Phaeobacter inhibens DSM 17395	pgaR	CP002976.1	Nucleotide	374695:375414:1	AFO90122.1	Protein	response_regulator		24273537	23	
signaling molecule	CoA dependent HSL (Homoserine Lactone)	unsaturated HSL	(C8:0 ; C10:0 ; C12:0 ; C14:0) HSL			398580	Dinoroseobacter shibae DFL 12 = DSM 16493	luxI1	CP000830.1	Nucleotide	301032:301619:1	ABV92061.1	Protein	synthase		29977398	24	
signaling molecule	CoA dependent HSL (Homoserine Lactone)	unsaturated HSL	(C8:0 ; C10:0 ; C12:0 ; C14:0) HSL			398580	Dinoroseobacter shibae DFL 12 = DSM 16493	luxR	CP000830.1	Nucleotide	3009442:3010152:2	ABV94585.1	Protein	receptor		29977398	24	
signaling molecule	CoA dependent HSL (Homoserine Lactone)	unsaturated HSL	(C8:0 ; C10:0 ; C12:0 ; C14:0) HSL			398580	Dinoroseobacter shibae DFL 12 = DSM 16493	luxR	CP000830.1	Nucleotide	3009442:3010152:2	ABV94585.1	Protein	response_regulator		29977398	24	
signaling molecule	CoA dependent HSL (Homoserine Lactone)	unsaturated HSL	(2E,11Z)-N-octadeca-2,11-dienoylhomo-serine lactone		CCCCCC/C=C\CCCCCCC/C=C/C(=O)NC1CCOC1=O	398580	Dinoroseobacter shibae DFL 12 = DSM 16493	luxI1	CP000830.1	Nucleotide	301032:301619:1	ABV92061.1	Protein	synthase		29977398	25	
signaling molecule	CoA dependent HSL (Homoserine Lactone)	unsaturated HSL	(2E,11Z)-N-octadeca-2,11-dienoylhomo-serine lactone		CCCCCC/C=C\CCCCCCC/C=C/C(=O)NC1CCOC1=O	398580	Dinoroseobacter shibae DFL 12 = DSM 16493	luxR	CP000830.1	Nucleotide	3009442:3010152:2	ABV94585.1	Protein	receptor		29977398	25	
signaling molecule	CoA dependent HSL (Homoserine Lactone)	unsaturated HSL	(2E,11Z)-N-octadeca-2,11-dienoylhomo-serine lactone		CCCCCC/C=C\CCCCCCC/C=C/C(=O)NC1CCOC1=O	398580	Dinoroseobacter shibae DFL 12 = DSM 16493	luxR	CP000830.1	Nucleotide	3009442:3010152:2	ABV94585.1	Protein	response_regulator		29977398	25	
signaling molecule	TDA (Tropodithietic Acid)	TDA			OC(=O)C1=C2SSC2=CC=CC1=O	391619	Phaeobacter inhibens DSM 17395	tdaA	CP002977.1	Nucleotide	107499:108389:2	AFO93380.1	Protein	synthase	motility|biofilm formation|production of antibiotic TDA	28389641	26	
signaling molecule	TDA (Tropodithietic Acid)	TDA			OC(=O)C1=C2SSC2=CC=CC1=O	391619	Phaeobacter inhibens DSM 17395	tdaB	CP002977.1	Nucleotide	106586:107284:2	AFO93379.1	Protein	synthase	motility|biofilm formation|production of antibiotic TDA	28389641	26	
signaling molecule	TDA (Tropodithietic Acid)	TDA			OC(=O)C1=C2SSC2=CC=CC1=O	391619	Phaeobacter inhibens DSM 17395	tdaC	CP002977.1	Nucleotide	105464:106066:2	AFO93378.1	Protein	synthase	motility|biofilm formation|production of antibiotic TDA	28389641	26	
signaling molecule	TDA (Tropodithietic Acid)	TDA			OC(=O)C1=C2SSC2=CC=CC1=O	391619	Phaeobacter inhibens DSM 17395	tdaD	CP002977.1	Nucleotide	105010:105426:2	AFO93377.1	Protein	synthase	motility|biofilm formation|production of antibiotic TDA	28389641	26	
signaling molecule	TDA (Tropodithietic Acid)	TDA			OC(=O)C1=C2SSC2=CC=CC1=O	391619	Phaeobacter inhibens DSM 17395	tdaE	CP002977.1	Nucleotide	103793:104986:2	AFO93376.1	Protein	synthase	motility|biofilm formation|production of antibiotic TDA	28389641	26	
signaling molecule	TDA (Tropodithietic Acid)	TDA			OC(=O)C1=C2SSC2=CC=CC1=O	391619	Phaeobacter inhibens DSM 17395	tdaF	CP002977.1	Nucleotide	90939:91508:1	AFO93363.1	Protein	synthase	motility|biofilm formation|production of antibiotic TDA	28389641	26	
signaling molecule	TDA (Tropodithietic Acid)	TDA			OC(=O)C1=C2SSC2=CC=CC1=O	391619	Phaeobacter inhibens DSM 17395	pgaR	CP002976.1	Nucleotide	374695:375414:1	AFO90122.1	Protein	receptor	motility|biofilm formation|production of antibiotic TDA	28389641	26	
signaling molecule	TDA (Tropodithietic Acid)	TDA			OC(=O)C1=C2SSC2=CC=CC1=O	391619	Phaeobacter inhibens DSM 17395	pgaR	CP002976.1	Nucleotide	374695:375414:1	AFO90122.1	Protein	response_regulator	motility|biofilm formation|production of antibiotic TDA	28389641	26	
signaling molecule	Methyl Ester	PAME (Palmitic Acid Methyl Ester)	3-hydroxypalmitic acid methyl ester 		CCCCCCCCCCCCCC(O)CC(=O)OC	305	Ralstonia solanacearum	phcB	U60193.1	Nucleotide	647:2050:1	AAC45825.1	Protein	synthase	virulence	28642776	27	
signaling molecule	Methyl Ester	PAME (Palmitic Acid Methyl Ester)	3-hydroxypalmitic acid methyl ester 		CCCCCCCCCCCCCC(O)CC(=O)OC	305	Ralstonia solanacearum	phcS	U60193.1	Nucleotide	2060:3388:1	AAC45826.1	Protein	receptor	virulence	28642776	27	
signaling molecule	Methyl Ester	PAME (Palmitic Acid Methyl Ester)	3-hydroxypalmitic acid methyl ester 		CCCCCCCCCCCCCC(O)CC(=O)OC	305	Ralstonia solanacearum	phcR	U60193.1	Nucleotide	3397:4515:1	AAC45827.1	Protein	receptor	virulence	28642776	27	
signaling molecule	DKP (Diketopiperazine)	DKP	cyclo(Phe-Pro)		C1CC2C(=O)NC(C(=O)N2C1)CC3=CC=CC=C3	672	Vibrio vulnificus	Uncharacterized CDPS or NRPS						synthase		29686409	28	
signaling molecule	DKP (Diketopiperazine)	DKP	cyclo(Phe-Pro)		C1CC2C(=O)NC(C(=O)N2C1)CC3=CC=CC=C3	9606	Homo sapiens	DDX58	NM_014314.3	Nucleotide		NP_055129.2	Protein	receptor	repression of type I IFN production|repression of supression of viral replication	29686409	28	
signaling molecule	DKP (Diketopiperazine)	DKP	cyclo(Phe-Pro)		C1CC2C(=O)NC(C(=O)N2C1)CC3=CC=CC=C3	9606	Homo sapiens	TRIM25	NM_005082.4	Nucleotide		NP_005073.2	Protein	response_regulator	repression of type I IFN production|repression of supression of viral replication	29686409	28	
signaling molecule	DKP (Diketopiperazine)	DKP	cyclo(Phe-Pro)		C1CC2C(=O)NC(C(=O)N2C1)CC3=CC=CC=C3	672	Vibrio vulnificus	Uncharacterized CDPS or NRPS						synthase		29914931	30	
signaling molecule	DKP (Diketopiperazine)	DKP	cyclo(Phe-Pro)		C1CC2C(=O)NC(C(=O)N2C1)CC3=CC=CC=C3	672	Vibrio vulnificus	toxR	NC_006840.2	Nucleotide	864530:865411:2	YP_204174.1	Protein	receptor		29914931	30	
signaling molecule	DKP (Diketopiperazine)	DKP	cyclo(Phe-Pro)		C1CC2C(=O)NC(C(=O)N2C1)CC3=CC=CC=C3	672	Vibrio vulnificus	toxS	NC_006840.2	Nucleotide	863994:864539:2	YP_204173.1	Protein	receptor		29914931	30	
signaling molecule	DKP (Diketopiperazine)	DKP	cyclo(Phe-Pro)		C1CC2C(=O)NC(C(=O)N2C1)CC3=CC=CC=C3	672	Vibrio vulnificus	leuO	NC_006840.2	Nucleotide	2543092:2544063:2	YP_205648.1	Protein	response_regulator	virulence inhibition	29914931|23982069|16513751	30	
signaling molecule	DKP (Diketopiperazine)	DKP	cyclo(Phe-Pro)		C1CC2C(=O)NC(C(=O)N2C1)CC3=CC=CC=C3	672	Vibrio vulnificus	rpoS	NC_006840.2	Nucleotide	2303271:2304236:2	YP_205450.1	Protein	response_regulator	detoxification of ROS	29914931	30	
autoinducer peptide	cyclic peptide	Staphyloccocus aureus AIP				1280	Staphylococcus aureus	agrD	U85096.1	Nucleotide	194:334:1	AAB80779.1	Protein	synthase	virulence	11544353	32	4 types of AIPs have been discovered and are subspecies specific
autoinducer peptide	cyclic peptide	Staphyloccocus aureus AIP				1280	Staphylococcus aureus	agrB	X52543.1	Nucleotide	2507:3778:1	CAA36783.1	Protein	modifier_transporter	virulence	11544353	32	4 types of AIPs have been discovered and are subspecies specific
autoinducer peptide	cyclic peptide	Staphyloccocus aureus AIP				1280	Staphylococcus aureus	agrC	U85096.1	Nucleotide	359:1651:1	AAB80777.1	Protein	receptor	virulence	11544353	32	4 types of AIPs have been discovered and are subspecies specific
autoinducer peptide	cyclic peptide	Staphyloccocus aureus AIP				1280	Staphylococcus aureus	agrA	X52543.1	Nucleotide	4896:5855:2	CAA36785.1	Protein	response_regulator	virulence	11544353	32	4 types of AIPs have been discovered and are subspecies specific
signaling molecule	HSL (Homoserine Lactone)	saturated HSL	N-Octanoyl-L-homoserine lactone			668	Aliivibrio fischeri	ainS	L37404.1	Nucleotide	407:1594:1	AAA81582.1	Protein	synthase	bioluminescence	28916743	34	
signaling molecule	HSL (Homoserine Lactone)	saturated HSL	N-Octanoyl-L-homoserine lactone			668	Aliivibrio fischeri	ainR	L37404.1	Nucleotide	1606:2126:1	AAA81583.1	Protein	receptor	bioluminescence	28916743	34	
signaling molecule	HSL (Homoserine Lactone)	saturated HSL	N-Octanoyl-L-homoserine lactone			668	Aliivibrio fischeri	ainR	L37404.1	Nucleotide	1606:2126:1	AAA81583.1	Protein	response_regulator	bioluminescence	28916743	34	
signaling molecule	CoA dependent HSL (Homoserine Lactone)	aryl HSL	N-(p-Coumaroyl)-L-homoserine lactone		Oc1ccc(/C=C/C(=O)N[C@H]2CCOC2=O)cc1	1076	Rhodopseudomonas palustris	rpaI	BX572593.1	Nucleotide	348608:349264:2	CAE25764.1	Protein	synthase	chemotaxis	18563084	36	The p-coumarate substrate of pcHSL is exogenous and provided by plants
signaling molecule	CoA dependent HSL (Homoserine Lactone)	aryl HSL	N-(p-Coumaroyl)-L-homoserine lactone		Oc1ccc(/C=C/C(=O)N[C@H]2CCOC2=O)cc1	1076	Rhodopseudomonas palustris	rpaR	BX572593.1	Nucleotide	85:816:2	CAE25765.1	Protein	receptor	chemotaxis	18563084	36	The p-coumarate substrate of pcHSL is exogenous and provided by plants
signaling molecule	CoA dependent HSL (Homoserine Lactone)	aryl HSL	N-(p-Coumaroyl)-L-homoserine lactone		Oc1ccc(/C=C/C(=O)N[C@H]2CCOC2=O)cc1	1076	Rhodopseudomonas palustris	rpaR	BX572593.1	Nucleotide	85:816:2	CAE25765.1	Protein	response_regulator	chemotaxis	18563084	36	The p-coumarate substrate of pcHSL is exogenous and provided by plants
autoinducer peptide	cyclic peptide	GBAP (Gelatinase Biosynthesis-Activating Pheromone) 		MWQGFINPSNQ		1351	Enteroccocus faecalis	fsrD	HG794359.1	Nucleotide	1484:1645:1	CDK37795.1	Protein	synthase	virulence	28467378	37	
autoinducer peptide	cyclic peptide	GBAP (Gelatinase Biosynthesis-Activating Pheromone) 		MWQGFINPSNQ		1351	Enteroccocus faecalis	fsrB	HG794359.1	Nucleotide	917:1645:1	CDK37794.1	Protein	modifier_transporter	virulence	28467378	37	
autoinducer peptide	cyclic peptide	GBAP (Gelatinase Biosynthesis-Activating Pheromone) 		MWQGFINPSNQ		1351	Enteroccocus faecalis	fsrC	JN246675.1	Nucleotide	1796:3004:1	AEV91442.1	Protein	receptor	virulence	28467378	37	
autoinducer peptide	cyclic peptide	GBAP (Gelatinase Biosynthesis-Activating Pheromone) 		MWQGFINPSNQ		1351	Enteroccocus faecalis	fsrA	HG794359.1	Nucleotide	97:828:1	CDK37793.1	Protein	response_regulator	virulence	28467378	37	
autoinducer peptide	lantibiotic	cytolisin				1351	Enteroccocus faecalis	cylL	AY032999.1	Nucleotide	5918:6124:1	AAK67264.1	Protein	synthase	production of cytolisin	28467378	38	
autoinducer peptide	lantibiotic	cytolisin				1351	Enteroccocus faecalis	cylS	AY032999.1	Nucleotide	6158:6349:1	AAK67265.1	Protein	synthase	production of cytolisin	28467378	38	
autoinducer peptide	lantibiotic	cytolisin				1351	Enteroccocus faecalis	cylM	AY032999.1	Nucleotide	6410:9391:1	AAK67266.1	Protein	modifier_transporter	production of cytolisin	28467378	38	
autoinducer peptide	lantibiotic	cytolisin				1351	Enteroccocus faecalis	cylB	AY032999.1	Nucleotide	9403:11547:1	AAK67267.1	Protein	modifier_transporter	production of cytolisin	28467378	38	
autoinducer peptide	lantibiotic	cytolisin				1351	Enteroccocus faecalis	cylA	AY032999.1	Nucleotide	11544:12782:1	AAK67268.1	Protein	modifier_transporter	production of cytolisin	28467378	38	
autoinducer peptide	lantibiotic	cytolisin				1351	Enteroccocus faecalis	cylR1	AF394225.1	Nucleotide	145:429:1	AAL60139.1	Protein	receptor	production of cytolisin	28467378	38	
autoinducer peptide	lantibiotic	cytolisin				1351	Enteroccocus faecalis	cylR2	AF394225.1	Nucleotide	430:630:1	AAL60140.1	Protein	response_regulator	production of cytolisin	28467378	38	
signaling molecule	BL (Butryolactone)	A factor	2-isocapryloyl-3R-hydroxymethyl-gamma-butyrolactone		CC(C)CCCCC(=O)C1[C@H](CO)COC1=O	1911	Streptomyces griseus	afsA	AB462507.1	Nucleotide		BAH47547.1	Protein	synthase	morphogenesis|production of secondary metabolites	17277085	39	
signaling molecule	BL (Butryolactone)	A factor	2-isocapryloyl-3R-hydroxymethyl-gamma-butyrolactone		CC(C)CCCCC(=O)C1[C@H](CO)COC1=O	1911	Streptomyces griseus	bprA				WP_012382293.1	Protein	modifier_transporter	morphogenesis|production of secondary metabolites	17277085	39	
signaling molecule	BL (Butryolactone)	A factor	2-isocapryloyl-3R-hydroxymethyl-gamma-butyrolactone		CC(C)CCCCC(=O)C1[C@H](CO)COC1=O	1911	Streptomyces griseus	arpA	AB021882.1	Nucleotide	439:1269:1	BAA36282.1	Protein	receptor	morphogenesis|production of secondary metabolites	17277085	39	
signaling molecule	BL (Butryolactone)	A factor	2-isocapryloyl-3R-hydroxymethyl-gamma-butyrolactone		CC(C)CCCCC(=O)C1[C@H](CO)COC1=O	1911	Streptomyces griseus	adpA	AB023785.1	Nucleotide	3489:4706:1	BAA86265.1	Protein	response_regulator	morphogenesis|production of secondary metabolites	17277085	39	
signaling molecule	CAI-1 (Cholera Autoinducer 1)	CAI-1 (Cholera Autoinducer 1)	(3S)-3-hydroxytridecan-4-one		CCCCCCCCCC(=O)[C@@H](O)CC	666	Vibrio cholerae	cqsA	AE003853.1	Nucleotide	457023:458192:2	AAF96426.1	Protein	synthase	virulence	21219472	31	
signaling molecule	CAI-1 (Cholera Autoinducer 1)	CAI-1 (Cholera Autoinducer 1)	(3S)-3-hydroxytridecan-4-one		CCCCCCCCCC(=O)[C@@H](O)CC	666	Vibrio cholerae	cqsS	AE003853.1	Nucleotide	454734:456794:1	AAF96425.1	Protein	receptor	virulence	21219472	31	
signaling molecule	CAI-1 (Cholera Autoinducer 1)	CAI-1 (Cholera Autoinducer 1)	(3S)-3-hydroxytridecan-4-one		CCCCCCCCCC(=O)[C@@H](O)CC	666	Vibrio cholerae	cqsS	AE003853.1	Nucleotide	454734:456794:1	AAF96425.1	Protein	response_regulator	virulence	21219472	31	
signaling molecule	Bradyoxetin	CDF (Cell Density Factor)	2-(4-((4-(3-aminooxetan-2-yl)phenyl)(imino)methyl)phenyl)oxetan-3-ylamine		NC1COC1c2ccc(cc2)C(=N)c3ccc(cc3)C4OCC4N	375	Bradyrhizobium japonicum	nwsA	Z22637.1	Nucleotide	661:3096:1	CAA80351.1	Protein	receptor	nodulation	12393811	33	The biosynthesis pathway of bradyoxetin is likely similar to that of the siderophore mugenic acid
signaling molecule	Bradyoxetin	CDF (Cell Density Factor)	2-(4-((4-(3-aminooxetan-2-yl)phenyl)(imino)methyl)phenyl)oxetan-3-ylamine		NC1COC1c2ccc(cc2)C(=N)c3ccc(cc3)C4OCC4N	375	Bradyrhizobium japonicum	nwsB	Z22637.1	Nucleotide	3093:3758:1	CAA80352.1	Protein	response_regulator	nodulation	12393811	33	The biosynthesis pathway of bradyoxetin is likely similar to that of the siderophore mugenic acid
autoinducer peptide	CSP (Competence Stimulating Peptide)					1313	Streptococcus pneumoniae	blpC	NC_003098.1	Nucleotide	471895:472050:2	NP_358059.1	Protein	synthase	production of bacteriocins	28067778	40	
autoinducer peptide	CSP (Competence Stimulating Peptide)					1313	Streptococcus pneumoniae	blpA	NC_003098.1	Nucleotide	475049:475642:2	NP_358063.1	Protein	modifier_transporter	production of bacteriocins	28067778	40	
autoinducer peptide	CSP (Competence Stimulating Peptide)					1313	Streptococcus pneumoniae	blpB	NC_003098.1	Nucleotide	473468:473133:1	NP_358061.1	Protein	modifier_transporter	production of bacteriocins	28067778	40	
autoinducer peptide	CSP (Competence Stimulating Peptide)					1313	Streptococcus pneumoniae	blpH	NC_003098.1	Nucleotide	470513:471853:1	NP_358058.1	Protein	receptor	production of bacteriocins	28067778	40	
autoinducer peptide	CSP (Competence Stimulating Peptide)					1313	Streptococcus pneumoniae	blpR	NC_003098.1	Nucleotide	469762:470499:1	NP_358057.1	Protein	response_regulator	production of bacteriocins	28067778	40	
autoinducer peptide	CSP (Competence Stimulating Peptide)	CSP (Competence Stimulating Peptide)				1313	Streptococcus pneumoniae	comC	NC_003098.1	Nucleotide	2035337:2035462:2	NP_359634.1	Protein	synthase	competence	28067778	41	
autoinducer peptide	CSP (Competence Stimulating Peptide)	CSP (Competence Stimulating Peptide)				1313	Streptococcus pneumoniae	comA	NC_003098.1	Nucleotide	41902:44055:1	NP_357637.1	Protein	modifier_transporter	competence	28067778	41	
autoinducer peptide	CSP (Competence Stimulating Peptide)	CSP (Competence Stimulating Peptide)				1313	Streptococcus pneumoniae	comB	NC_003098.1	Nucleotide	44068:45417:1	NP_357638.1	Protein	modifier_transporter	competence	28067778	41	
autoinducer peptide	CSP (Competence Stimulating Peptide)	CSP (Competence Stimulating Peptide)				1313	Streptococcus pneumoniae	comD	NC_003098.1	Nucleotide	2033991:2035316:2	NP_359633.1	Protein	receptor	competence	28067778	41	
autoinducer peptide	CSP (Competence Stimulating Peptide)	CSP (Competence Stimulating Peptide)				1313	Streptococcus pneumoniae	comE	NC_003098.1	Nucleotide	2033242:2033994:2	NP_359632.1	Protein	response_regulator	competence	28067778	41	
autoinducer peptide	CSP (Competence Stimulating Peptide)					1423	Bacillus subtilis	comX	NC_000964.3	Nucleotide	3255853:3256020:2	NP_391048.1	Protein	synthase	competence	11544353	42	
autoinducer peptide	CSP (Competence Stimulating Peptide)					1423	Bacillus subtilis	comQ	NC_000964.3	Nucleotide	3256008:3256907:2	NP_391049.2	Protein	modifier_transporter	competence	11544353	42	
autoinducer peptide	CSP (Competence Stimulating Peptide)					1423	Bacillus subtilis	comP	NC_000964.3	Nucleotide	3253529:3255838:2	NP_391047.2	Protein	receptor	competence	11544353	42	
autoinducer peptide	CSP (Competence Stimulating Peptide)					1423	Bacillus subtilis	comA	NC_000964.3	Nucleotide	3252804:3253448:2	NP_391046.1	Protein	response_regulator	competence	11544353	42	
signaling molecule	DKP (Diketopiperazine)	DKP	cyclo(Pro-Tyr) ; cyclo(Pro-Val)		c1cc(ccc1C[C@H]2C(=O)N3CCC[C@H]3C(=O)N2)O	287	Pseudomonas aeruginosa	Uncharacterized CDPS or NRPS						synthase		21482761	43	DKP production negatively regulated by lasI HSL QS system. Only cPY is displayed here.
signaling molecule	DKP (Diketopiperazine)	DKP	cyclo(Pro-Tyr) ; cyclo(Pro-Val)		c1cc(ccc1C[C@H]2C(=O)N3CCC[C@H]3C(=O)N2)O	3702	Arabidopsis thaliana	tir1	CP002686.1	Nucleotide	23275715:23276181:2,23274489:23274981:2,23273479:23274303:2	AEE80419.1	Protein	receptor	plant growth|auxin signaling	21482761	43	DKP production negatively regulated by lasI HSL QS system. Only cPY is displayed here.
signaling molecule	DKP (Diketopiperazine)	DKP	cyclo(Pro-Tyr) ; cyclo(Pro-Val)		c1cc(ccc1C[C@H]2C(=O)N3CCC[C@H]3C(=O)N2)O	3702	Arabidopsis thaliana	arf7	CP002688.1	Nucleotide	7021459:7021504:2,7021026:7021138:2,7020830:7020925:2,7020669:7020725:2,7020425:7020580:2,7020253:7020337:2,7020071:7020161:2,7019821:7019988:2,7019534:7019729:2,7019297:7019435:2,7017241:7019219:2,7016972:7017162:2,7016704:7016884:2	AED92884.1	Protein	response_regulator	plant growth|auxin signaling	21482761	43	DKP production negatively regulated by lasI HSL QS system. Only cPY is displayed here.
signaling molecule	DKP (Diketopiperazine)	DKP	cyclo(Pro-Tyr) ; cyclo(Pro-Val)		c1cc(ccc1C[C@H]2C(=O)N3CCC[C@H]3C(=O)N2)O	3702	Arabidopsis thaliana	arf19	CP002684.1	Nucleotide	6632737:6632779:2,6632328:6632440:2,6632153:6632248:2,6632019:6632075:2,6631779:6631934:2,6631603:6631687:2,6631425:6631515:2,6630988:6631348:2,6630772:6630910:2,6628945:6630689:2,6628663:6628853:2,6628395:6628578:2	AEE29819.1	Protein	response_regulator	plant growth|auxin signaling	21482761	43	DKP production negatively regulated by lasI HSL QS system. Only cPY is displayed here.
signaling molecule	CoA dependent HSL (Homoserine Lactone)	aryl HSL	N-cinnamoyl-L-homoserine lactone		O=C(N[C@H]1CCOC1=O)\C=C\C1=CC=CC=C1	114615	Bradyrhizobium sp. ORS 278	braI	CU234118.1	Nucleotide	1003948:1004631:1	CAL74857.1	Protein	synthase		21471459	29	
signaling molecule	CoA dependent HSL (Homoserine Lactone)	aryl HSL	N-cinnamoyl-L-homoserine lactone		O=C(N[C@H]1CCOC1=O)\C=C\C1=CC=CC=C1	114615	Bradyrhizobium sp. ORS 278	braR	CU234118.1	Nucleotide	1004714:1005442:1	CAL74858.1	Protein	receptor		21471459	29	
signaling molecule	CoA dependent HSL (Homoserine Lactone)	aryl HSL	N-cinnamoyl-L-homoserine lactone		O=C(N[C@H]1CCOC1=O)\C=C\C1=CC=CC=C1	114615	Bradyrhizobium sp. ORS 278	braR	CU234118.1	Nucleotide	1004714:1005442:1	CAL74858.1	Protein	response_regulator		21471459	29	
signaling molecule	CoA dependent HSL (Homoserine Lactone)	saturated HSL	N-Isovaleryl-L-homoserine lactone 		CC(C)CC(=O)N[C@H]1CCOC1=O	224911	Bradyrhizobium diazoefficiens USDA 110	bjaI	BA000040.2	Nucleotide	1176048:1176719:1	BAC46328.1	Protein	synthase		21949379	44	
signaling molecule	CoA dependent HSL (Homoserine Lactone)	saturated HSL	N-Isovaleryl-L-homoserine lactone 		CC(C)CC(=O)N[C@H]1CCOC1=O	224911	Bradyrhizobium diazoefficiens USDA 110	bjaR1	BA000040.2	Nucleotide	1175248:1175976:1	BAC46327.1	Protein	receptor		21949379	44	
signaling molecule	CoA dependent HSL (Homoserine Lactone)	saturated HSL	N-Isovaleryl-L-homoserine lactone 		CC(C)CC(=O)N[C@H]1CCOC1=O	224911	Bradyrhizobium diazoefficiens USDA 110	bjaR1	BA000040.2	Nucleotide	1175248:1175976:1	BAC46327.1	Protein	response_regulator		21949379	44	
signaling molecule	AI-2	S-THMF-borate	(2S,4S)-2-methyl-2,3,3,4-tetrahydroxytetrahydrofuran-borate		[B-]1(O[C@@]2([C@](O1)([C@H](CO2)O)O)C)(O)O	669	Vibrio harveyi	luxS	AF120098.1	Nucleotide		AAD17292.1	Protein	synthase	bioluminescence	11823863	45	
signaling molecule	AI-2	S-THMF-borate	(2S,4S)-2-methyl-2,3,3,4-tetrahydroxytetrahydrofuran-borate		[B-]1(O[C@@]2([C@](O1)([C@H](CO2)O)O)C)(O)O	669	Vibrio harveyi	luxP	U07069.2	Nucleotide	232:1329:1	AAA20837.2	Protein	receptor	bioluminescence	11823863	45	
signaling molecule	AI-2	S-THMF-borate	(2S,4S)-2-methyl-2,3,3,4-tetrahydroxytetrahydrofuran-borate		[B-]1(O[C@@]2([C@](O1)([C@H](CO2)O)O)C)(O)O	669	Vibrio harveyi	luxQ	U07069.2	Nucleotide	1329:3908:1	AAA20838.1	Protein	receptor	bioluminescence	11823863	45	
signaling molecule	AI-2	S-THMF-borate	(2S,4S)-2-methyl-2,3,3,4-tetrahydroxytetrahydrofuran-borate		[B-]1(O[C@@]2([C@](O1)([C@H](CO2)O)O)C)(O)O	669	Vibrio harveyi	luxO	L26221.3	Nucleotide	1085:2446:1	AAD12736.1	Protein	response_regulator	bioluminescence	11823863	45	
